{"pix_x": 2040.764999999999, "pix_y": 2007.235000000001, "olek": "spawn", "kaart": null}