{"pix_x": 2426.8780000000015, "pix_y": 1626.6519999999964, "olek": "spawn", "kaart": null}