{"pix_x": 1353.9269999999947, "pix_y": 2164.0310000000013, "olek": "spawn", "kaart": null}