{"pix_x": 2053.5609999999992, "pix_y": 1801.5609999999992, "olek": "spawn", "kaart": null}