{"pix_x": 2594.144000000004, "pix_y": 1905.6919999999936, "olek": "spawn", "kaart": null}